Reference, precision, recall, f_measure_value 
0,	0.8147058823529412,	0.9685314685314685,	0.8849840255591054

